{"cameraMode":{"drawMode":0,"name":"Shaded","section":"Shading Mode"},"sceneLighting":true,"audioPlay":false,"sceneViewState":{"showFog":true,"showMaterialUpdate":false,"showSkybox":true,"showFlares":true,"showImageEffects":true,"showParticleSystems":true,"showVisualEffectGraphs":true,"m_FxEnabled":true},"in2DMode":false,"pivot":{"x":91.93279266357422,"y":-276.23663330078127,"z":358.59661865234377},"rotation":{"x":-0.31050726771354678,"y":-0.11915875971317291,"z":0.039087701588869098,"w":-0.9422367215156555},"size":235.41891479492188,"orthographic":false}