{"cameraMode":{"drawMode":0,"name":"Shaded","section":"Shading Mode"},"sceneLighting":true,"audioPlay":false,"sceneViewState":{"showFog":true,"showMaterialUpdate":false,"showSkybox":true,"showFlares":true,"showImageEffects":true,"showParticleSystems":true,"showVisualEffectGraphs":true,"m_FxEnabled":true},"in2DMode":false,"pivot":{"x":-35.918128967285159,"y":2.971799612045288,"z":37.112571716308597},"rotation":{"x":0.018103143200278283,"y":-0.5995245575904846,"z":0.013877925463020802,"w":0.7999244928359985},"size":27.64162254333496,"orthographic":false}