{"cameraMode":{"drawMode":0,"name":"Shaded","section":"Shading Mode"},"sceneLighting":true,"audioPlay":false,"sceneViewState":{"showFog":true,"showMaterialUpdate":false,"showSkybox":true,"showFlares":true,"showImageEffects":true,"showParticleSystems":true,"showVisualEffectGraphs":true,"m_FxEnabled":true},"in2DMode":false,"pivot":{"x":10.343667984008789,"y":-6.245112895965576,"z":41.094425201416019},"rotation":{"x":0.08532927930355072,"y":0.09434470534324646,"z":-0.007985022850334645,"w":0.9917716383934021},"size":27.64162254333496,"orthographic":false}