{"cameraMode":{"drawMode":0,"name":"Shaded","section":"Shading Mode"},"sceneLighting":true,"audioPlay":false,"sceneViewState":{"showFog":true,"showMaterialUpdate":false,"showSkybox":true,"showFlares":true,"showImageEffects":true,"showParticleSystems":true,"showVisualEffectGraphs":true,"m_FxEnabled":true},"in2DMode":false,"pivot":{"x":-1.7746564149856568,"y":-7.304798603057861,"z":43.865291595458987},"rotation":{"x":0.09460850805044174,"y":-0.03250117972493172,"z":0.0032434524036943914,"w":0.9948989152908325},"size":27.64162254333496,"orthographic":false}