{"cameraMode":{"drawMode":0,"name":"Shaded","section":"Shading Mode"},"sceneLighting":true,"audioPlay":false,"sceneViewState":{"showFog":true,"showMaterialUpdate":false,"showSkybox":true,"showFlares":true,"showImageEffects":true,"showParticleSystems":true,"showVisualEffectGraphs":true,"m_FxEnabled":true},"in2DMode":false,"pivot":{"x":-9.328309059143067,"y":3.180363655090332,"z":-5.722323894500732},"rotation":{"x":0.0071069952100515369,"y":0.17223753035068513,"z":0.0010843463242053986,"w":-0.9850541353225708},"size":2.9824962615966799,"orthographic":false}