{"cameraMode":{"drawMode":0,"name":"Shaded","section":"Shading Mode"},"sceneLighting":false,"audioPlay":false,"sceneViewState":{"showFog":true,"showMaterialUpdate":false,"showSkybox":false,"showFlares":true,"showImageEffects":true,"showParticleSystems":true,"showVisualEffectGraphs":true,"m_FxEnabled":true},"in2DMode":false,"pivot":{"x":-1.9899998903274537,"y":1.4299999475479127,"z":2.890000104904175},"rotation":{"x":-0.43390560150146487,"y":0.007211398798972368,"z":-0.0036393494810909034,"w":-0.9009832143783569},"size":3.05845308303833,"orthographic":false}